Loss,Time,Solver,Subset,p
3.977135169103236e+16,0.03749561309814453,SGD,Train,2
3.982112300210259e+16,0.03749561309814453,SGD,Test,2
162248.87231939193,0.0002608299255371094,Analytic,Train,2
126389.96201097388,0.0002608299255371094,Analytic,Test,2
7.598582623291225e+23,0.01628875732421875,SGD,Train,2
7.601165798526703e+23,0.01628875732421875,SGD,Test,2
162248.87231939193,0.00019431114196777344,Analytic,Train,2
126389.96201097388,0.00019431114196777344,Analytic,Test,2
3.171289197485009e+17,0.026144742965698242,SGD,Train,2
3.3954867814136557e+17,0.026144742965698242,SGD,Test,2
162248.87231939193,0.00017714500427246094,Analytic,Train,2
126389.96201097388,0.00017714500427246094,Analytic,Test,2
1.0717123858061696e+24,0.0212099552154541,SGD,Train,2
1.0720718092635492e+24,0.0212099552154541,SGD,Test,2
162248.87231939193,0.00038623809814453125,Analytic,Train,2
126389.96201097388,0.00038623809814453125,Analytic,Test,2
1.4764890298931179e+24,0.019257068634033203,SGD,Train,2
1.476991965587004e+24,0.019257068634033203,SGD,Test,2
162248.87231939193,0.0001811981201171875,Analytic,Train,2
126389.96201097388,0.0001811981201171875,Analytic,Test,2
8.421174354545422e+18,0.02384495735168457,SGD,Train,2
8.441793971737945e+18,0.02384495735168457,SGD,Test,2
162248.87231939193,0.0001811981201171875,Analytic,Train,2
126389.96201097388,0.0001811981201171875,Analytic,Test,2
3.798058436401276e+16,0.026747465133666992,SGD,Train,2
3.863878325378984e+16,0.026747465133666992,SGD,Test,2
162248.87231939193,0.00017976760864257812,Analytic,Train,2
126389.96201097388,0.00017976760864257812,Analytic,Test,2
2.193617716313065e+23,0.015898466110229492,SGD,Train,2
2.1943904136209575e+23,0.015898466110229492,SGD,Test,2
162248.87231939193,0.00018072128295898438,Analytic,Train,2
126389.96201097388,0.00018072128295898438,Analytic,Test,2
232433073561678.47,0.02422308921813965,SGD,Train,2
259777297594540.06,0.02422308921813965,SGD,Test,2
162248.87231939193,0.00019049644470214844,Analytic,Train,2
126389.96201097388,0.00019049644470214844,Analytic,Test,2
278883213692303.97,0.02491164207458496,SGD,Train,2
299854016039257.75,0.02491164207458496,SGD,Test,2
162248.87231939193,0.00020694732666015625,Analytic,Train,2
126389.96201097388,0.00020694732666015625,Analytic,Test,2
3.3723530405852884e+23,0.015769243240356445,SGD,Train,2
3.373501567376787e+23,0.015769243240356445,SGD,Test,2
162248.87231939193,0.0001761913299560547,Analytic,Train,2
126389.96201097388,0.0001761913299560547,Analytic,Test,2
1765668318391454.5,0.02060246467590332,SGD,Train,2
1880113524449713.8,0.02060246467590332,SGD,Test,2
162248.87231939193,0.00021076202392578125,Analytic,Train,2
126389.96201097388,0.00021076202392578125,Analytic,Test,2
6.9792544372638e+23,0.019039154052734375,SGD,Train,2
6.981619330706108e+23,0.019039154052734375,SGD,Test,2
162248.87231939193,0.00019621849060058594,Analytic,Train,2
126389.96201097388,0.00019621849060058594,Analytic,Test,2
1.2468993921676215e+24,0.014026880264282227,SGD,Train,2
1.2473219286557958e+24,0.014026880264282227,SGD,Test,2
162248.87231939193,0.0003955364227294922,Analytic,Train,2
126389.96201097388,0.0003955364227294922,Analytic,Test,2
558845457889798.94,0.021370649337768555,SGD,Train,2
576736425124805.4,0.021370649337768555,SGD,Test,2
162248.87231939193,0.00018739700317382812,Analytic,Train,2
126389.96201097388,0.00018739700317382812,Analytic,Test,2
3.6657089729766185e+18,0.026067256927490234,SGD,Train,2
3.667113903514184e+18,0.026067256927490234,SGD,Test,2
162248.87231939193,0.00017786026000976562,Analytic,Train,2
126389.96201097388,0.00017786026000976562,Analytic,Test,2
7717495049601805.0,0.022911787033081055,SGD,Train,2
7743721045673136.0,0.022911787033081055,SGD,Test,2
162248.87231939193,0.00018215179443359375,Analytic,Train,2
126389.96201097388,0.00018215179443359375,Analytic,Test,2
2414379788938359.0,0.02764582633972168,SGD,Train,2
2881567122508832.0,0.02764582633972168,SGD,Test,2
162248.87231939193,0.00018072128295898438,Analytic,Train,2
126389.96201097388,0.00018072128295898438,Analytic,Test,2
1.4658685457797872e+19,0.021515369415283203,SGD,Train,2
1.4663838856014864e+19,0.021515369415283203,SGD,Test,2
162248.87231939193,0.0001926422119140625,Analytic,Train,2
126389.96201097388,0.0001926422119140625,Analytic,Test,2
3.8367544210437336e+16,0.031253814697265625,SGD,Train,2
3.851357558939112e+16,0.031253814697265625,SGD,Test,2
162248.87231939193,0.00018525123596191406,Analytic,Train,2
126389.96201097388,0.00018525123596191406,Analytic,Test,2
2.3170748832630413e+22,0.13720202445983887,SGD,Train,252
2.714266146461719e+22,0.13720202445983887,SGD,Test,252
2071.9393654252003,0.02942681312561035,Analytic,Train,252
12970154.978436185,0.02942681312561035,Analytic,Test,252
2.2100526974552208e+20,0.35482001304626465,SGD,Train,252
5.102603066506424e+20,0.35482001304626465,SGD,Test,252
2071.9393654252003,0.029448747634887695,Analytic,Train,252
12970154.978436185,0.029448747634887695,Analytic,Test,252
1.0027404463645951e+24,0.18204951286315918,SGD,Train,252
1.0193355598068559e+24,0.18204951286315918,SGD,Test,252
2071.9393654252003,0.03035569190979004,Analytic,Train,252
12970154.978436185,0.03035569190979004,Analytic,Test,252
1.1713974218165035e+19,0.4784388542175293,SGD,Train,252
2.8374924824629677e+20,0.4784388542175293,SGD,Test,252
2071.9393654252003,0.02960205078125,Analytic,Train,252
12970154.978436185,0.02960205078125,Analytic,Test,252
1.2093051684734517e+20,0.27742576599121094,SGD,Train,252
6.360553740137784e+20,0.27742576599121094,SGD,Test,252
2071.9393654252003,0.029898881912231445,Analytic,Train,252
12970154.978436185,0.029898881912231445,Analytic,Test,252
3.638176072198077e+23,0.13602972030639648,SGD,Train,252
3.7265748832329006e+23,0.13602972030639648,SGD,Test,252
2071.9393654252003,0.03573131561279297,Analytic,Train,252
12970154.978436185,0.03573131561279297,Analytic,Test,252
1.420211566478883e+20,0.3469724655151367,SGD,Train,252
5.268491260635996e+20,0.3469724655151367,SGD,Test,252
2071.9393654252003,0.029917478561401367,Analytic,Train,252
12970154.978436185,0.029917478561401367,Analytic,Test,252
1.3331592226213886e+24,0.12216305732727051,SGD,Train,252
1.3706626759733458e+24,0.12216305732727051,SGD,Test,252
2071.9393654252003,0.029683828353881836,Analytic,Train,252
12970154.978436185,0.029683828353881836,Analytic,Test,252
3.988107413033831e+19,0.3360598087310791,SGD,Train,252
3.9519578317588175e+20,0.3360598087310791,SGD,Test,252
2071.9393654252003,0.02936387062072754,Analytic,Train,252
12970154.978436185,0.02936387062072754,Analytic,Test,252
6.492187683980332e+23,0.12607049942016602,SGD,Train,252
6.917739606265165e+23,0.12607049942016602,SGD,Test,252
2071.9393654252003,0.030254125595092773,Analytic,Train,252
12970154.978436185,0.030254125595092773,Analytic,Test,252
1.4744893433619913e+20,0.3044164180755615,SGD,Train,252
5.360423804468045e+20,0.3044164180755615,SGD,Test,252
2071.9393654252003,0.04883861541748047,Analytic,Train,252
12970154.978436185,0.04883861541748047,Analytic,Test,252
4.403380809455716e+19,0.3075988292694092,SGD,Train,252
4.510850536041809e+20,0.3075988292694092,SGD,Test,252
2071.9393654252003,0.030250072479248047,Analytic,Train,252
12970154.978436185,0.030250072479248047,Analytic,Test,252
1.8835174011902712e+20,0.325089693069458,SGD,Train,252
4.724858196403887e+20,0.325089693069458,SGD,Test,252
2071.9393654252003,0.029493093490600586,Analytic,Train,252
12970154.978436185,0.029493093490600586,Analytic,Test,252
7.154070589861338e+19,0.33388352394104004,SGD,Train,252
4.332347399705175e+20,0.33388352394104004,SGD,Test,252
2071.9393654252003,0.029978513717651367,Analytic,Train,252
12970154.978436185,0.029978513717651367,Analytic,Test,252
1.234056540847217e+24,0.124420166015625,SGD,Train,252
1.199663643154355e+24,0.124420166015625,SGD,Test,252
2071.9393654252003,0.02978038787841797,Analytic,Train,252
12970154.978436185,0.02978038787841797,Analytic,Test,252
1.4883423916383142e+20,0.2487032413482666,SGD,Train,252
5.7672748555477746e+20,0.2487032413482666,SGD,Test,252
2071.9393654252003,0.030289173126220703,Analytic,Train,252
12970154.978436185,0.030289173126220703,Analytic,Test,252
3.6507718369049534e+19,0.3329305648803711,SGD,Train,252
3.6279147437466563e+20,0.3329305648803711,SGD,Test,252
2071.9393654252003,0.029910802841186523,Analytic,Train,252
12970154.978436185,0.029910802841186523,Analytic,Test,252
2.051815580734967e+20,0.2661271095275879,SGD,Train,252
4.6132000381675536e+20,0.2661271095275879,SGD,Test,252
2071.9393654252003,0.02962207794189453,Analytic,Train,252
12970154.978436185,0.02962207794189453,Analytic,Test,252
6.564189610246716e+23,0.18765592575073242,SGD,Train,252
6.228652976796048e+23,0.18765592575073242,SGD,Test,252
2071.9393654252003,0.04434323310852051,Analytic,Train,252
12970154.978436185,0.04434323310852051,Analytic,Test,252
1.9938007799700657e+24,0.13206982612609863,SGD,Train,252
1.9986182406915806e+24,0.13206982612609863,SGD,Test,252
2071.9393654252003,0.030787944793701172,Analytic,Train,252
12970154.978436185,0.030787944793701172,Analytic,Test,252
8.82822406834773e+22,0.26125097274780273,SGD,Train,502
8.795584780567041e+22,0.26125097274780273,SGD,Test,502
9.068979707113143e-20,0.11680412292480469,Analytic,Train,502
885156.0786472288,0.11680412292480469,Analytic,Test,502
8.753338356805113e+23,0.2268381118774414,SGD,Train,502
8.400463170817866e+23,0.2268381118774414,SGD,Test,502
9.068979707113143e-20,0.11965060234069824,Analytic,Train,502
885156.0786472288,0.11965060234069824,Analytic,Test,502
2.158261179596697e+18,0.6743974685668945,SGD,Train,502
8.153216560647436e+18,0.6743974685668945,SGD,Test,502
9.068979707113143e-20,0.11823415756225586,Analytic,Train,502
885156.0786472288,0.11823415756225586,Analytic,Test,502
2.3277216625070825e+19,0.6020858287811279,SGD,Train,502
4.0707937847159366e+19,0.6020858287811279,SGD,Test,502
9.068979707113143e-20,0.14332985877990723,Analytic,Train,502
885156.0786472288,0.14332985877990723,Analytic,Test,502
1.026855359806208e+24,0.20436573028564453,SGD,Train,502
1.0278831874700229e+24,0.20436573028564453,SGD,Test,502
9.068979707113143e-20,0.12706255912780762,Analytic,Train,502
885156.0786472288,0.12706255912780762,Analytic,Test,502
1.179650150884739e+17,1.019564151763916,SGD,Train,502
2.1466483364068086e+17,1.019564151763916,SGD,Test,502
9.068979707113143e-20,0.12298989295959473,Analytic,Train,502
885156.0786472288,0.12298989295959473,Analytic,Test,502
1.0903774309711848e+24,0.2896406650543213,SGD,Train,502
1.1269401772862313e+24,0.2896406650543213,SGD,Test,502
9.068979707113143e-20,0.14482855796813965,Analytic,Train,502
885156.0786472288,0.14482855796813965,Analytic,Test,502
1.0466400783049587e+18,0.9036269187927246,SGD,Train,502
1.4737949279272617e+18,0.9036269187927246,SGD,Test,502
9.068979707113143e-20,0.1249692440032959,Analytic,Train,502
885156.0786472288,0.1249692440032959,Analytic,Test,502
2.428223911583011e+16,1.3304920196533203,SGD,Train,502
4.364903081747432e+16,1.3304920196533203,SGD,Test,502
9.068979707113143e-20,0.119781494140625,Analytic,Train,502
885156.0786472288,0.119781494140625,Analytic,Test,502
6.238622390153567e+23,0.3052966594696045,SGD,Train,502
6.17712836357645e+23,0.3052966594696045,SGD,Test,502
9.068979707113143e-20,0.12339019775390625,Analytic,Train,502
885156.0786472288,0.12339019775390625,Analytic,Test,502
3.345720019458528e+22,0.2971029281616211,SGD,Train,502
3.186620278356232e+22,0.2971029281616211,SGD,Test,502
9.068979707113143e-20,0.13007378578186035,Analytic,Train,502
885156.0786472288,0.13007378578186035,Analytic,Test,502
2.1933490095659758e+23,0.2956552505493164,SGD,Train,502
1.967370702968322e+23,0.2956552505493164,SGD,Test,502
9.068979707113143e-20,0.119873046875,Analytic,Train,502
885156.0786472288,0.119873046875,Analytic,Test,502
6.562119484203652e+23,0.23231959342956543,SGD,Train,502
6.283335145644821e+23,0.23231959342956543,SGD,Test,502
9.068979707113143e-20,0.1219320297241211,Analytic,Train,502
885156.0786472288,0.1219320297241211,Analytic,Test,502
8.333429309643612e+21,0.3171966075897217,SGD,Train,502
6.415834041383371e+21,0.3171966075897217,SGD,Test,502
9.068979707113143e-20,0.12781095504760742,Analytic,Train,502
885156.0786472288,0.12781095504760742,Analytic,Test,502
6.003827054721676e+17,0.9068496227264404,SGD,Train,502
1.1569870403799217e+18,0.9068496227264404,SGD,Test,502
9.068979707113143e-20,0.12040424346923828,Analytic,Train,502
885156.0786472288,0.12040424346923828,Analytic,Test,502
5.2119171588379526e+23,0.23869943618774414,SGD,Train,502
5.0010163692006286e+23,0.23869943618774414,SGD,Test,502
9.068979707113143e-20,0.13366270065307617,Analytic,Train,502
885156.0786472288,0.13366270065307617,Analytic,Test,502
4.0474100692985214e+23,0.17769694328308105,SGD,Train,502
4.2335711786202786e+23,0.17769694328308105,SGD,Test,502
9.068979707113143e-20,0.12246918678283691,Analytic,Train,502
885156.0786472288,0.12246918678283691,Analytic,Test,502
1.673040949736491e+17,1.0144224166870117,SGD,Train,502
3.6985632507546445e+17,1.0144224166870117,SGD,Test,502
9.068979707113143e-20,0.11693930625915527,Analytic,Train,502
885156.0786472288,0.11693930625915527,Analytic,Test,502
3.5082436015587604e+23,0.22306299209594727,SGD,Train,502
3.480456637814286e+23,0.22306299209594727,SGD,Test,502
9.068979707113143e-20,0.1230318546295166,Analytic,Train,502
885156.0786472288,0.1230318546295166,Analytic,Test,502
3.528226648132934e+19,0.5848538875579834,SGD,Train,502
4.31721418779717e+19,0.5848538875579834,SGD,Test,502
9.068979707113143e-20,0.11721563339233398,Analytic,Train,502
885156.0786472288,0.11721563339233398,Analytic,Test,502
2.966641136505525e+22,0.3255345821380615,SGD,Train,752
1.977548050270245e+22,0.3255345821380615,SGD,Test,752
5.470767965868325e-20,0.32666492462158203,Analytic,Train,752
572963.4359212316,0.32666492462158203,Analytic,Test,752
5.0789624496188963e+23,0.28696179389953613,SGD,Train,752
4.765586489398431e+23,0.28696179389953613,SGD,Test,752
5.470767965868325e-20,0.33237218856811523,Analytic,Train,752
572963.4359212316,0.33237218856811523,Analytic,Test,752
1.5005518815808414e-07,4.511411905288696,SGD,Train,752
572963.0784884958,4.511411905288696,SGD,Test,752
5.470767965868325e-20,0.323270320892334,Analytic,Train,752
572963.4359212316,0.323270320892334,Analytic,Test,752
7.592794586142248e-08,4.659697771072388,SGD,Train,752
572964.4502137788,4.659697771072388,SGD,Test,752
5.470767965868325e-20,0.32067418098449707,Analytic,Train,752
572963.4359212316,0.32067418098449707,Analytic,Test,752
1.1637366261137776e+24,0.31458020210266113,SGD,Train,752
1.1619091270307863e+24,0.31458020210266113,SGD,Test,752
5.470767965868325e-20,0.3376963138580322,Analytic,Train,752
572963.4359212316,0.3376963138580322,Analytic,Test,752
1.000202270836448e-07,4.666457176208496,SGD,Train,752
572963.3553107971,4.666457176208496,SGD,Test,752
5.470767965868325e-20,0.33428287506103516,Analytic,Train,752
572963.4359212316,0.33428287506103516,Analytic,Test,752
2.0948947775972327e-07,4.679368495941162,SGD,Train,752
572963.0925414443,4.679368495941162,SGD,Test,752
5.470767965868325e-20,0.3380849361419678,Analytic,Train,752
572963.4359212316,0.3380849361419678,Analytic,Test,752
3.288111257567303e-07,4.748448610305786,SGD,Train,752
572963.6883042493,4.748448610305786,SGD,Test,752
5.470767965868325e-20,0.33641862869262695,Analytic,Train,752
572963.4359212316,0.33641862869262695,Analytic,Test,752
1.3172551380581305e-07,4.716474294662476,SGD,Train,752
572963.5304954901,4.716474294662476,SGD,Test,752
5.470767965868325e-20,0.33104991912841797,Analytic,Train,752
572963.4359212316,0.33104991912841797,Analytic,Test,752
9.88845568251362e-08,4.647085905075073,SGD,Train,752
572962.9167367133,4.647085905075073,SGD,Test,752
5.470767965868325e-20,0.34238600730895996,Analytic,Train,752
572963.4359212316,0.34238600730895996,Analytic,Test,752
2.4928244117262884e-07,4.706861972808838,SGD,Train,752
572963.7827998075,4.706861972808838,SGD,Test,752
5.470767965868325e-20,0.3319118022918701,Analytic,Train,752
572963.4359212316,0.3319118022918701,Analytic,Test,752
1.0461688147980085e-07,4.516884803771973,SGD,Train,752
572963.7435085014,4.516884803771973,SGD,Test,752
5.470767965868325e-20,0.3180680274963379,Analytic,Train,752
572963.4359212316,0.3180680274963379,Analytic,Test,752
9.570917191411401e-08,4.641316890716553,SGD,Train,752
572963.187377979,4.641316890716553,SGD,Test,752
5.470767965868325e-20,0.3210148811340332,Analytic,Train,752
572963.4359212316,0.3210148811340332,Analytic,Test,752
7.958397215812616e+23,0.28978562355041504,SGD,Train,752
8.225118178023622e+23,0.28978562355041504,SGD,Test,752
5.470767965868325e-20,0.3222942352294922,Analytic,Train,752
572963.4359212316,0.3222942352294922,Analytic,Test,752
1.5601853884274202e-07,4.59857702255249,SGD,Train,752
572963.7856320497,4.59857702255249,SGD,Test,752
5.470767965868325e-20,0.33648180961608887,Analytic,Train,752
572963.4359212316,0.33648180961608887,Analytic,Test,752
7.109076172831304e-08,4.780019760131836,SGD,Train,752
572962.57016511,4.780019760131836,SGD,Test,752
5.470767965868325e-20,0.3206017017364502,Analytic,Train,752
572963.4359212316,0.3206017017364502,Analytic,Test,752
6.878886454568859e-07,4.689096450805664,SGD,Train,752
572963.9828176784,4.689096450805664,SGD,Test,752
5.470767965868325e-20,0.32468700408935547,Analytic,Train,752
572963.4359212316,0.32468700408935547,Analytic,Test,752
1.872782250030697e-07,4.889028072357178,SGD,Train,752
572963.6416130884,4.889028072357178,SGD,Test,752
5.470767965868325e-20,0.3304905891418457,Analytic,Train,752
572963.4359212316,0.3304905891418457,Analytic,Test,752
2.6866530570207222e+23,0.3567163944244385,SGD,Train,752
2.492329086801398e+23,0.3567163944244385,SGD,Test,752
5.470767965868325e-20,0.3317697048187256,Analytic,Train,752
572963.4359212316,0.3317697048187256,Analytic,Test,752
1.0414809473554049e-07,4.798050165176392,SGD,Train,752
572963.006823101,4.798050165176392,SGD,Test,752
5.470767965868325e-20,0.338576078414917,Analytic,Train,752
572963.4359212316,0.338576078414917,Analytic,Test,752
1.2441978876970578e+23,0.5147929191589355,SGD,Train,1002
1.1434664125623692e+23,0.5147929191589355,SGD,Test,1002
3.398584675787302e-20,0.7367982864379883,Analytic,Train,1002
467893.4719114965,0.7367982864379883,Analytic,Test,1002
1.118315312211969e+24,0.40589213371276855,SGD,Train,1002
1.1107469612479232e+24,0.40589213371276855,SGD,Test,1002
3.398584675787302e-20,0.734079122543335,Analytic,Train,1002
467893.4719114965,0.734079122543335,Analytic,Test,1002
1.8686720520708573e+23,0.475844144821167,SGD,Train,1002
1.7763186100901323e+23,0.475844144821167,SGD,Test,1002
3.398584675787302e-20,0.729785680770874,Analytic,Train,1002
467893.4719114965,0.729785680770874,Analytic,Test,1002
1.6818617626365172e+24,0.4445176124572754,SGD,Train,1002
1.6551593492925022e+24,0.4445176124572754,SGD,Test,1002
3.398584675787302e-20,0.7635786533355713,Analytic,Train,1002
467893.4719114965,0.7635786533355713,Analytic,Test,1002
3.2836168355949715e+19,0.8461873531341553,SGD,Train,1002
1.3118387564393445e+19,0.8461873531341553,SGD,Test,1002
3.398584675787302e-20,0.7467689514160156,Analytic,Train,1002
467893.4719114965,0.7467689514160156,Analytic,Test,1002
1.196815189810624e+24,0.5023534297943115,SGD,Train,1002
1.1703090555978953e+24,0.5023534297943115,SGD,Test,1002
3.398584675787302e-20,0.718050479888916,Analytic,Train,1002
467893.4719114965,0.718050479888916,Analytic,Test,1002
2.3308017396620372e+24,0.3616621494293213,SGD,Train,1002
2.302237273853462e+24,0.3616621494293213,SGD,Test,1002
3.398584675787302e-20,0.7179543972015381,Analytic,Train,1002
467893.4719114965,0.7179543972015381,Analytic,Test,1002
2.6214594545968978e+23,0.5767652988433838,SGD,Train,1002
2.5445658352561818e+23,0.5767652988433838,SGD,Test,1002
3.398584675787302e-20,0.7244505882263184,Analytic,Train,1002
467893.4719114965,0.7244505882263184,Analytic,Test,1002
2.3438895873827048e+24,0.42583632469177246,SGD,Train,1002
2.279590883219182e+24,0.42583632469177246,SGD,Test,1002
3.398584675787302e-20,0.7740457057952881,Analytic,Train,1002
467893.4719114965,0.7740457057952881,Analytic,Test,1002
6.29571737581473e-08,3.480013132095337,SGD,Train,1002
467893.29043657647,3.480013132095337,SGD,Test,1002
3.398584675787302e-20,0.7398784160614014,Analytic,Train,1002
467893.4719114965,0.7398784160614014,Analytic,Test,1002
5.68615564716452e-08,3.2666964530944824,SGD,Train,1002
467893.1540571408,3.2666964530944824,SGD,Test,1002
3.398584675787302e-20,0.7306230068206787,Analytic,Train,1002
467893.4719114965,0.7306230068206787,Analytic,Test,1002
1.8743585972022733e-08,3.490126609802246,SGD,Train,1002
467893.5456311741,3.490126609802246,SGD,Test,1002
3.398584675787302e-20,0.7278635501861572,Analytic,Train,1002
467893.4719114965,0.7278635501861572,Analytic,Test,1002
2.061879643434365e-07,3.4484786987304688,SGD,Train,1002
467893.6790809876,3.4484786987304688,SGD,Test,1002
3.398584675787302e-20,0.714191198348999,Analytic,Train,1002
467893.4719114965,0.714191198348999,Analytic,Test,1002
9.917576689001639e-08,3.4162065982818604,SGD,Train,1002
467892.86640792195,3.4162065982818604,SGD,Test,1002
3.398584675787302e-20,0.7320907115936279,Analytic,Train,1002
467893.4719114965,0.7320907115936279,Analytic,Test,1002
1.6636602512959066e+24,0.4439229965209961,SGD,Train,1002
1.6575340133106904e+24,0.4439229965209961,SGD,Test,1002
3.398584675787302e-20,0.7806248664855957,Analytic,Train,1002
467893.4719114965,0.7806248664855957,Analytic,Test,1002
1.2523174827684532e+24,0.5770936012268066,SGD,Train,1002
1.2693222332886497e+24,0.5770936012268066,SGD,Test,1002
3.398584675787302e-20,0.7456820011138916,Analytic,Train,1002
467893.4719114965,0.7456820011138916,Analytic,Test,1002
5.617354127634155e+22,0.42218732833862305,SGD,Train,1002
3.785574383058592e+22,0.42218732833862305,SGD,Test,1002
3.398584675787302e-20,0.7373909950256348,Analytic,Train,1002
467893.4719114965,0.7373909950256348,Analytic,Test,1002
1.5788437616601462e-07,3.418497085571289,SGD,Train,1002
467893.61574319185,3.418497085571289,SGD,Test,1002
3.398584675787302e-20,0.7320652008056641,Analytic,Train,1002
467893.4719114965,0.7320652008056641,Analytic,Test,1002
2.6982002268114042e-08,3.451796293258667,SGD,Train,1002
467893.88648427604,3.451796293258667,SGD,Test,1002
3.398584675787302e-20,0.720550537109375,Analytic,Train,1002
467893.4719114965,0.720550537109375,Analytic,Test,1002
7.460756961311548e-08,3.3273260593414307,SGD,Train,1002
467893.75584615814,3.3273260593414307,SGD,Test,1002
3.398584675787302e-20,0.723705530166626,Analytic,Train,1002
467893.4719114965,0.723705530166626,Analytic,Test,1002
2.1252368751647756e+23,0.557499885559082,SGD,Train,1252
1.8903834173699778e+23,0.557499885559082,SGD,Test,1252
9.856983261740613e-20,1.3402369022369385,Analytic,Train,1252
402187.6439448999,1.3402369022369385,Analytic,Test,1252
1.2123275607193709e+23,0.59783935546875,SGD,Train,1252
1.0216840618104396e+23,0.59783935546875,SGD,Test,1252
9.856983261740613e-20,1.347916603088379,Analytic,Train,1252
402187.6439448999,1.347916603088379,Analytic,Test,1252
4.4180959148277045e+22,0.5635585784912109,SGD,Train,1252
3.3368644346118295e+22,0.5635585784912109,SGD,Test,1252
9.856983261740613e-20,1.3284010887145996,Analytic,Train,1252
402187.6439448999,1.3284010887145996,Analytic,Test,1252
9.737984238201293e-09,3.0733327865600586,SGD,Train,1252
402188.1032064958,3.0733327865600586,SGD,Test,1252
9.856983261740613e-20,1.3590989112854004,Analytic,Train,1252
402187.6439448999,1.3590989112854004,Analytic,Test,1252
3.891290904679782e+23,0.5975339412689209,SGD,Train,1252
3.6855975466179195e+23,0.5975339412689209,SGD,Test,1252
9.856983261740613e-20,1.3494634628295898,Analytic,Train,1252
402187.6439448999,1.3494634628295898,Analytic,Test,1252
3.766825323379278e+23,0.5224564075469971,SGD,Train,1252
3.453643492287739e+23,0.5224564075469971,SGD,Test,1252
9.856983261740613e-20,1.3463184833526611,Analytic,Train,1252
402187.6439448999,1.3463184833526611,Analytic,Test,1252
2.376717966127592e-07,3.0176823139190674,SGD,Train,1252
402187.8568970545,3.0176823139190674,SGD,Test,1252
9.856983261740613e-20,1.3371891975402832,Analytic,Train,1252
402187.6439448999,1.3371891975402832,Analytic,Test,1252
9.668250875922991e+23,0.4618983268737793,SGD,Train,1252
9.680333632724981e+23,0.4618983268737793,SGD,Test,1252
9.856983261740613e-20,1.3352105617523193,Analytic,Train,1252
402187.6439448999,1.3352105617523193,Analytic,Test,1252
1.9828218945270104e+19,1.0614655017852783,SGD,Train,1252
8.905445077623258e+18,1.0614655017852783,SGD,Test,1252
9.856983261740613e-20,1.3774468898773193,Analytic,Train,1252
402187.6439448999,1.3774468898773193,Analytic,Test,1252
9.302156656290846e+23,0.29734134674072266,SGD,Train,1252
8.758503672655083e+23,0.29734134674072266,SGD,Test,1252
9.856983261740613e-20,1.347738265991211,Analytic,Train,1252
402187.6439448999,1.347738265991211,Analytic,Test,1252
2.1608593857239245e-08,2.9646825790405273,SGD,Train,1252
402187.18862317305,2.9646825790405273,SGD,Test,1252
9.856983261740613e-20,1.345184564590454,Analytic,Train,1252
402187.6439448999,1.345184564590454,Analytic,Test,1252
8.774742508835515e+23,0.48232412338256836,SGD,Train,1252
8.701361381137571e+23,0.48232412338256836,SGD,Test,1252
9.856983261740613e-20,1.3449387550354004,Analytic,Train,1252
402187.6439448999,1.3449387550354004,Analytic,Test,1252
1.1213477050402067e+20,1.0641930103302002,SGD,Train,1252
1.1324211912921524e+20,1.0641930103302002,SGD,Test,1252
9.856983261740613e-20,1.365063190460205,Analytic,Train,1252
402187.6439448999,1.365063190460205,Analytic,Test,1252
2.0031180019887397e+20,1.0990028381347656,SGD,Train,1252
1.982980693247152e+20,1.0990028381347656,SGD,Test,1252
9.856983261740613e-20,1.364126205444336,Analytic,Train,1252
402187.6439448999,1.364126205444336,Analytic,Test,1252
1.622946345535681e+24,0.5259513854980469,SGD,Train,1252
1.6083370819110953e+24,0.5259513854980469,SGD,Test,1252
9.856983261740613e-20,1.3192307949066162,Analytic,Train,1252
402187.6439448999,1.3192307949066162,Analytic,Test,1252
1.477785977842519e+24,0.5074477195739746,SGD,Train,1252
1.4426026984934063e+24,0.5074477195739746,SGD,Test,1252
9.856983261740613e-20,1.310293197631836,Analytic,Train,1252
402187.6439448999,1.310293197631836,Analytic,Test,1252
1.1961860651605069e-08,3.0995583534240723,SGD,Train,1252
402187.7768371763,3.0995583534240723,SGD,Test,1252
9.856983261740613e-20,1.3269610404968262,Analytic,Train,1252
402187.6439448999,1.3269610404968262,Analytic,Test,1252
1.3713125089622244e-08,2.954803943634033,SGD,Train,1252
402187.2199662569,2.954803943634033,SGD,Test,1252
9.856983261740613e-20,1.3335886001586914,Analytic,Train,1252
402187.6439448999,1.3335886001586914,Analytic,Test,1252
1.1545589750183428e-08,3.0386240482330322,SGD,Train,1252
402187.2780073603,3.0386240482330322,SGD,Test,1252
9.856983261740613e-20,1.3652665615081787,Analytic,Train,1252
402187.6439448999,1.3652665615081787,Analytic,Test,1252
9.2741317054339e-09,3.0477330684661865,SGD,Train,1252
402187.5395906277,3.0477330684661865,SGD,Test,1252
9.856983261740613e-20,1.3355042934417725,Analytic,Train,1252
402187.6439448999,1.3355042934417725,Analytic,Test,1252
5.690208703799964e+22,0.5063245296478271,SGD,Train,1502
2.0039806643001505e+22,0.5063245296478271,SGD,Test,1502
3.668431995501967e-20,2.370183229446411,Analytic,Train,1502
410141.69585095067,2.370183229446411,Analytic,Test,1502
1.9955776385992716e+24,0.611922025680542,SGD,Train,1502
1.9699918615435186e+24,0.611922025680542,SGD,Test,1502
3.668431995501967e-20,2.3812992572784424,Analytic,Train,1502
410141.69585095067,2.3812992572784424,Analytic,Test,1502
3.3431118708296886e+22,0.7591280937194824,SGD,Train,1502
1.7994989830221448e+22,0.7591280937194824,SGD,Test,1502
3.668431995501967e-20,2.3319644927978516,Analytic,Train,1502
410141.69585095067,2.3319644927978516,Analytic,Test,1502
4.690948291054038e+22,0.9967672824859619,SGD,Train,1502
3.9704328329356015e+22,0.9967672824859619,SGD,Test,1502
3.668431995501967e-20,2.394944190979004,Analytic,Train,1502
410141.69585095067,2.394944190979004,Analytic,Test,1502
3.639060168962361e+23,0.9168269634246826,SGD,Train,1502
3.437273449115715e+23,0.9168269634246826,SGD,Test,1502
3.668431995501967e-20,2.314570188522339,Analytic,Train,1502
410141.69585095067,2.314570188522339,Analytic,Test,1502
1.6062448628215282e-08,2.9492297172546387,SGD,Train,1502
410141.9836698622,2.9492297172546387,SGD,Test,1502
3.668431995501967e-20,2.2601687908172607,Analytic,Train,1502
410141.69585095067,2.2601687908172607,Analytic,Test,1502
5.007090696248375e-08,2.8904054164886475,SGD,Train,1502
410142.34508819814,2.8904054164886475,SGD,Test,1502
3.668431995501967e-20,2.3081343173980713,Analytic,Train,1502
410141.69585095067,2.3081343173980713,Analytic,Test,1502
7.673036524366329e-09,2.9492084980010986,SGD,Train,1502
410141.3207234643,2.9492084980010986,SGD,Test,1502
3.668431995501967e-20,2.3016533851623535,Analytic,Train,1502
410141.69585095067,2.3016533851623535,Analytic,Test,1502
1.4122419393313537e+24,0.6077413558959961,SGD,Train,1502
1.3715938970289283e+24,0.6077413558959961,SGD,Test,1502
3.668431995501967e-20,2.3212943077087402,Analytic,Train,1502
410141.69585095067,2.3212943077087402,Analytic,Test,1502
7.692131939012843e-09,2.829462766647339,SGD,Train,1502
410141.6385031174,2.829462766647339,SGD,Test,1502
3.668431995501967e-20,2.315925359725952,Analytic,Train,1502
410141.69585095067,2.315925359725952,Analytic,Test,1502
2.490809279701629e+23,0.6557598114013672,SGD,Train,1502
2.314587965998549e+23,0.6557598114013672,SGD,Test,1502
3.668431995501967e-20,2.30303692817688,Analytic,Train,1502
410141.69585095067,2.30303692817688,Analytic,Test,1502
1.8780344090212562e-07,2.9317500591278076,SGD,Train,1502
410141.6675312134,2.9317500591278076,SGD,Test,1502
3.668431995501967e-20,2.334515333175659,Analytic,Train,1502
410141.69585095067,2.334515333175659,Analytic,Test,1502
1.4365548278273682e-08,2.9112703800201416,SGD,Train,1502
410141.64078338246,2.9112703800201416,SGD,Test,1502
3.668431995501967e-20,2.2706940174102783,Analytic,Train,1502
410141.69585095067,2.2706940174102783,Analytic,Test,1502
2.2491492291129893e-08,2.9984936714172363,SGD,Train,1502
410142.4060578099,2.9984936714172363,SGD,Test,1502
3.668431995501967e-20,2.3280320167541504,Analytic,Train,1502
410141.69585095067,2.3280320167541504,Analytic,Test,1502
4.995217236655049e-09,2.8983960151672363,SGD,Train,1502
410141.79880732193,2.8983960151672363,SGD,Test,1502
3.668431995501967e-20,2.2736034393310547,Analytic,Train,1502
410141.69585095067,2.2736034393310547,Analytic,Test,1502
9.13067320599913e-09,2.902238130569458,SGD,Train,1502
410141.5938072149,2.902238130569458,SGD,Test,1502
3.668431995501967e-20,2.3203697204589844,Analytic,Train,1502
410141.69585095067,2.3203697204589844,Analytic,Test,1502
1.0670112053966638e+23,0.901029109954834,SGD,Train,1502
9.524400882038409e+22,0.901029109954834,SGD,Test,1502
3.668431995501967e-20,2.3216774463653564,Analytic,Train,1502
410141.69585095067,2.3216774463653564,Analytic,Test,1502
3.190433256095489e+23,0.7564361095428467,SGD,Train,1502
2.90738040061113e+23,0.7564361095428467,SGD,Test,1502
3.668431995501967e-20,2.311967372894287,Analytic,Train,1502
410141.69585095067,2.311967372894287,Analytic,Test,1502
2.3478086643094453e+23,0.8875875473022461,SGD,Train,1502
2.2359857308218653e+23,0.8875875473022461,SGD,Test,1502
3.668431995501967e-20,2.301466941833496,Analytic,Train,1502
410141.69585095067,2.301466941833496,Analytic,Test,1502
1.3047652663591912e+23,0.49561309814453125,SGD,Train,1502
7.226385881837814e+22,0.49561309814453125,SGD,Test,1502
3.668431995501967e-20,2.3180360794067383,Analytic,Train,1502
410141.69585095067,2.3180360794067383,Analytic,Test,1502
6.635594911828551e+23,0.7628376483917236,SGD,Train,1752
6.298312335627629e+23,0.7628376483917236,SGD,Test,1752
4.975907488793031e-20,3.7221527099609375,Analytic,Train,1752
430543.7643183292,3.7221527099609375,Analytic,Test,1752
1.9760128242377454e-09,3.0247840881347656,SGD,Train,1752
430543.6996379042,3.0247840881347656,SGD,Test,1752
4.975907488793031e-20,3.7320470809936523,Analytic,Train,1752
430543.7643183292,3.7320470809936523,Analytic,Test,1752
2.2763039783924316e+23,0.4756174087524414,SGD,Train,1752
1.733723521603697e+23,0.4756174087524414,SGD,Test,1752
4.975907488793031e-20,3.7452359199523926,Analytic,Train,1752
430543.7643183292,3.7452359199523926,Analytic,Test,1752
9.553601028981347e+23,1.0490570068359375,SGD,Train,1752
9.393746568736448e+23,1.0490570068359375,SGD,Test,1752
4.975907488793031e-20,3.7314534187316895,Analytic,Train,1752
430543.7643183292,3.7314534187316895,Analytic,Test,1752
8.935247104194631e+23,0.7700016498565674,SGD,Train,1752
8.796305127270898e+23,0.7700016498565674,SGD,Test,1752
4.975907488793031e-20,3.7422029972076416,Analytic,Train,1752
430543.7643183292,3.7422029972076416,Analytic,Test,1752
3.761264951983919e+23,0.9288766384124756,SGD,Train,1752
3.516197020825785e+23,0.9288766384124756,SGD,Test,1752
4.975907488793031e-20,3.774247646331787,Analytic,Train,1752
430543.7643183292,3.774247646331787,Analytic,Test,1752
1.4173468665368947e+24,0.550274133682251,SGD,Train,1752
1.3171648349247474e+24,0.550274133682251,SGD,Test,1752
4.975907488793031e-20,3.7207703590393066,Analytic,Train,1752
430543.7643183292,3.7207703590393066,Analytic,Test,1752
9.207530573459578e+23,0.7112717628479004,SGD,Train,1752
8.88951977790322e+23,0.7112717628479004,SGD,Test,1752
4.975907488793031e-20,3.6914520263671875,Analytic,Train,1752
430543.7643183292,3.6914520263671875,Analytic,Test,1752
1.92763717869147e+24,0.7571983337402344,SGD,Train,1752
1.9329842602957512e+24,0.7571983337402344,SGD,Test,1752
4.975907488793031e-20,3.688619375228882,Analytic,Train,1752
430543.7643183292,3.688619375228882,Analytic,Test,1752
2.3886083023072982e-08,3.021846055984497,SGD,Train,1752
430543.9849026226,3.021846055984497,SGD,Test,1752
4.975907488793031e-20,3.7175955772399902,Analytic,Train,1752
430543.7643183292,3.7175955772399902,Analytic,Test,1752
1.7574699225763262e-09,3.0781612396240234,SGD,Train,1752
430544.0792171386,3.0781612396240234,SGD,Test,1752
4.975907488793031e-20,3.7202744483947754,Analytic,Train,1752
430543.7643183292,3.7202744483947754,Analytic,Test,1752
1.1474992966011503e+24,1.0178327560424805,SGD,Train,1752
1.1430381298924375e+24,1.0178327560424805,SGD,Test,1752
4.975907488793031e-20,3.7408108711242676,Analytic,Train,1752
430543.7643183292,3.7408108711242676,Analytic,Test,1752
3.7492554005458662e+22,1.1182751655578613,SGD,Train,1752
2.7478504459399145e+22,1.1182751655578613,SGD,Test,1752
4.975907488793031e-20,3.7017955780029297,Analytic,Train,1752
430543.7643183292,3.7017955780029297,Analytic,Test,1752
3.114799390656155e+20,1.5133557319641113,SGD,Train,1752
2.8720776850602233e+20,1.5133557319641113,SGD,Test,1752
4.975907488793031e-20,3.7874808311462402,Analytic,Train,1752
430543.7643183292,3.7874808311462402,Analytic,Test,1752
1.8569539796486784e-08,3.0079445838928223,SGD,Train,1752
430543.9656930205,3.0079445838928223,SGD,Test,1752
4.975907488793031e-20,3.8028950691223145,Analytic,Train,1752
430543.7643183292,3.8028950691223145,Analytic,Test,1752
3.737546022464161e+23,1.1593689918518066,SGD,Train,1752
3.7862364448666315e+23,1.1593689918518066,SGD,Test,1752
4.975907488793031e-20,3.781647205352783,Analytic,Train,1752
430543.7643183292,3.781647205352783,Analytic,Test,1752
7.407955203492859e+22,0.9295651912689209,SGD,Train,1752
6.064695246349351e+22,0.9295651912689209,SGD,Test,1752
4.975907488793031e-20,3.766735553741455,Analytic,Train,1752
430543.7643183292,3.766735553741455,Analytic,Test,1752
5.9422759678968365e-09,2.9080142974853516,SGD,Train,1752
430543.4604465562,2.9080142974853516,SGD,Test,1752
4.975907488793031e-20,3.733985424041748,Analytic,Train,1752
430543.7643183292,3.733985424041748,Analytic,Test,1752
1.0309749179698899e+24,0.41741299629211426,SGD,Train,1752
9.18421021930823e+23,0.41741299629211426,SGD,Test,1752
4.975907488793031e-20,3.821995496749878,Analytic,Train,1752
430543.7643183292,3.821995496749878,Analytic,Test,1752
3.2123855053129135e+23,0.8253152370452881,SGD,Train,1752
2.862377137062492e+23,0.8253152370452881,SGD,Test,1752
4.975907488793031e-20,3.781665325164795,Analytic,Train,1752
430543.7643183292,3.781665325164795,Analytic,Test,1752
2.8234762669053807e+22,1.1242775917053223,SGD,Train,2002
1.0921331714529763e+22,1.1242775917053223,SGD,Test,2002
1.789874413342109e-20,5.808701992034912,Analytic,Train,2002
380548.58298925916,5.808701992034912,Analytic,Test,2002
4.19402081511154e-09,3.1185102462768555,SGD,Train,2002
380548.8912341168,3.1185102462768555,SGD,Test,2002
1.789874413342109e-20,5.720344305038452,Analytic,Train,2002
380548.58298925916,5.720344305038452,Analytic,Test,2002
6.599127790326767e-10,3.095569610595703,SGD,Train,2002
380548.66775523545,3.095569610595703,SGD,Test,2002
1.789874413342109e-20,5.781536817550659,Analytic,Train,2002
380548.58298925916,5.781536817550659,Analytic,Test,2002
3.086881350206798e-09,3.1073718070983887,SGD,Train,2002
380548.7220761805,3.1073718070983887,SGD,Test,2002
1.789874413342109e-20,5.7886974811553955,Analytic,Train,2002
380548.58298925916,5.7886974811553955,Analytic,Test,2002
2.0968162425772482e+23,1.2236638069152832,SGD,Train,2002
1.9729750602206243e+23,1.2236638069152832,SGD,Test,2002
1.789874413342109e-20,5.8842246532440186,Analytic,Train,2002
380548.58298925916,5.8842246532440186,Analytic,Test,2002
1.3592398963427377e-08,3.1026952266693115,SGD,Train,2002
380548.30771074665,3.1026952266693115,SGD,Test,2002
1.789874413342109e-20,5.7316296100616455,Analytic,Train,2002
380548.58298925916,5.7316296100616455,Analytic,Test,2002
4.0942386159592444e+23,0.532728910446167,SGD,Train,2002
3.3108541964418e+23,0.532728910446167,SGD,Test,2002
1.789874413342109e-20,5.83815598487854,Analytic,Train,2002
380548.58298925916,5.83815598487854,Analytic,Test,2002
9.81084287183839e-10,3.1685616970062256,SGD,Train,2002
380548.6091533635,3.1685616970062256,SGD,Test,2002
1.789874413342109e-20,5.6994264125823975,Analytic,Train,2002
380548.58298925916,5.6994264125823975,Analytic,Test,2002
8.934540299627205e-10,3.117945909500122,SGD,Train,2002
380548.6211460726,3.117945909500122,SGD,Test,2002
1.789874413342109e-20,5.753606796264648,Analytic,Train,2002
380548.58298925916,5.753606796264648,Analytic,Test,2002
3.545225004147184e+24,0.9728147983551025,SGD,Train,2002
3.546811171563502e+24,0.9728147983551025,SGD,Test,2002
1.789874413342109e-20,5.822558879852295,Analytic,Train,2002
380548.58298925916,5.822558879852295,Analytic,Test,2002
1.846029877364311e+23,1.2682795524597168,SGD,Train,2002
1.738164281608661e+23,1.2682795524597168,SGD,Test,2002
1.789874413342109e-20,5.736743927001953,Analytic,Train,2002
380548.58298925916,5.736743927001953,Analytic,Test,2002
6.071972068912553e+23,1.0583901405334473,SGD,Train,2002
5.905085625521691e+23,1.0583901405334473,SGD,Test,2002
1.789874413342109e-20,5.7935097217559814,Analytic,Train,2002
380548.58298925916,5.7935097217559814,Analytic,Test,2002
4.008895629473296e+22,0.8348596096038818,SGD,Train,2002
7.978643783992931e+21,0.8348596096038818,SGD,Test,2002
1.789874413342109e-20,5.711786508560181,Analytic,Train,2002
380548.58298925916,5.711786508560181,Analytic,Test,2002
4.9371017253772764e+23,1.1316711902618408,SGD,Train,2002
4.668119860351124e+23,1.1316711902618408,SGD,Test,2002
1.789874413342109e-20,5.7633771896362305,Analytic,Train,2002
380548.58298925916,5.7633771896362305,Analytic,Test,2002
1.0615798362642372e+24,1.0879929065704346,SGD,Train,2002
1.0502963806150336e+24,1.0879929065704346,SGD,Test,2002
1.789874413342109e-20,5.853963136672974,Analytic,Train,2002
380548.58298925916,5.853963136672974,Analytic,Test,2002
8.251090085656467e-10,3.176978588104248,SGD,Train,2002
380549.1384798674,3.176978588104248,SGD,Test,2002
1.789874413342109e-20,5.767644882202148,Analytic,Train,2002
380548.58298925916,5.767644882202148,Analytic,Test,2002
4.8815228981566065e+23,0.5605478286743164,SGD,Train,2002
4.098448834331056e+23,0.5605478286743164,SGD,Test,2002
1.789874413342109e-20,5.9492785930633545,Analytic,Train,2002
380548.58298925916,5.9492785930633545,Analytic,Test,2002
3.965534803698847e-09,3.1710727214813232,SGD,Train,2002
380548.3750205788,3.1710727214813232,SGD,Test,2002
1.789874413342109e-20,5.786435604095459,Analytic,Train,2002
380548.58298925916,5.786435604095459,Analytic,Test,2002
5.7786431016082914e+23,0.7984259128570557,SGD,Train,2002
5.4294719988726535e+23,0.7984259128570557,SGD,Test,2002
1.789874413342109e-20,5.863921403884888,Analytic,Train,2002
380548.58298925916,5.863921403884888,Analytic,Test,2002
1.923672276290343e-09,3.2299020290374756,SGD,Train,2002
380548.54813907715,3.2299020290374756,SGD,Test,2002
1.789874413342109e-20,5.923650026321411,Analytic,Train,2002
380548.58298925916,5.923650026321411,Analytic,Test,2002
2.764699251670869e+23,0.9889082908630371,SGD,Train,2252
2.2932234857255087e+23,0.9889082908630371,SGD,Test,2252
1.382982648104505e-20,8.269299983978271,Analytic,Train,2252
414048.7308319808,8.269299983978271,Analytic,Test,2252
2.023873114620566e+24,0.6398634910583496,SGD,Train,2252
1.9746618557233415e+24,0.6398634910583496,SGD,Test,2252
1.382982648104505e-20,8.27664852142334,Analytic,Train,2252
414048.7308319808,8.27664852142334,Analytic,Test,2252
1.9886041902433427e+23,1.4281861782073975,SGD,Train,2252
1.876694455580117e+23,1.4281861782073975,SGD,Test,2252
1.382982648104505e-20,8.294532775878906,Analytic,Train,2252
414048.7308319808,8.294532775878906,Analytic,Test,2252
5.9789224312053755e+22,0.9796056747436523,SGD,Train,2252
1.2981009689955738e+22,0.9796056747436523,SGD,Test,2252
1.382982648104505e-20,8.328646421432495,Analytic,Train,2252
414048.7308319808,8.328646421432495,Analytic,Test,2252
8.550057395005814e+23,0.9646434783935547,SGD,Train,2252
8.290762284161958e+23,0.9646434783935547,SGD,Test,2252
1.382982648104505e-20,8.271573543548584,Analytic,Train,2252
414048.7308319808,8.271573543548584,Analytic,Test,2252
5.1441696362074735e+23,0.8510558605194092,SGD,Train,2252
4.5388014304912275e+23,0.8510558605194092,SGD,Test,2252
1.382982648104505e-20,8.202385187149048,Analytic,Train,2252
414048.7308319808,8.202385187149048,Analytic,Test,2252
8.941526561642684e+23,1.17626953125,SGD,Train,2252
8.789439288017837e+23,1.17626953125,SGD,Test,2252
1.382982648104505e-20,8.26093053817749,Analytic,Train,2252
414048.7308319808,8.26093053817749,Analytic,Test,2252
9.931704322660306e+23,0.8764984607696533,SGD,Train,2252
9.354865731825922e+23,0.8764984607696533,SGD,Test,2252
1.382982648104505e-20,8.095984935760498,Analytic,Train,2252
414048.7308319808,8.095984935760498,Analytic,Test,2252
1.229995531693273e-09,3.3739371299743652,SGD,Train,2252
414048.7540857584,3.3739371299743652,SGD,Test,2252
1.382982648104505e-20,8.0840585231781,Analytic,Train,2252
414048.7308319808,8.0840585231781,Analytic,Test,2252
4.075688483330279e+23,0.8895883560180664,SGD,Train,2252
3.4025198420884965e+23,0.8895883560180664,SGD,Test,2252
1.382982648104505e-20,8.188570261001587,Analytic,Train,2252
414048.7308319808,8.188570261001587,Analytic,Test,2252
2.870369396981309e-10,3.3886361122131348,SGD,Train,2252
414048.52405618224,3.3886361122131348,SGD,Test,2252
1.382982648104505e-20,8.11803650856018,Analytic,Train,2252
414048.7308319808,8.11803650856018,Analytic,Test,2252
4.746707258078346e+22,1.0766358375549316,SGD,Train,2252
8.751332969598812e+21,1.0766358375549316,SGD,Test,2252
1.382982648104505e-20,8.17117977142334,Analytic,Train,2252
414048.7308319808,8.17117977142334,Analytic,Test,2252
3.89548342766345e+23,1.1458981037139893,SGD,Train,2252
3.783905555301858e+23,1.1458981037139893,SGD,Test,2252
1.382982648104505e-20,8.163168907165527,Analytic,Train,2252
414048.7308319808,8.163168907165527,Analytic,Test,2252
9.223877500774186e-10,3.4147770404815674,SGD,Train,2252
414049.2964094658,3.4147770404815674,SGD,Test,2252
1.382982648104505e-20,8.237858057022095,Analytic,Train,2252
414048.7308319808,8.237858057022095,Analytic,Test,2252
8.893267255216227e+22,1.2580204010009766,SGD,Train,2252
6.363636795651457e+22,1.2580204010009766,SGD,Test,2252
1.382982648104505e-20,8.052616357803345,Analytic,Train,2252
414048.7308319808,8.052616357803345,Analytic,Test,2252
3.2010053887393588e-09,3.4033613204956055,SGD,Train,2252
414048.14218134986,3.4033613204956055,SGD,Test,2252
1.382982648104505e-20,8.169832468032837,Analytic,Train,2252
414048.7308319808,8.169832468032837,Analytic,Test,2252
3.4127115085234756e+23,1.0197951793670654,SGD,Train,2252
3.2427390285420444e+23,1.0197951793670654,SGD,Test,2252
1.382982648104505e-20,8.032130479812622,Analytic,Train,2252
414048.7308319808,8.032130479812622,Analytic,Test,2252
3.2005662204979786e+23,1.4356958866119385,SGD,Train,2252
3.005631986829004e+23,1.4356958866119385,SGD,Test,2252
1.382982648104505e-20,8.04645586013794,Analytic,Train,2252
414048.7308319808,8.04645586013794,Analytic,Test,2252
1.7795461763835355e+24,0.8612298965454102,SGD,Train,2252
1.7226766263812406e+24,0.8612298965454102,SGD,Test,2252
1.382982648104505e-20,8.145389080047607,Analytic,Train,2252
414048.7308319808,8.145389080047607,Analytic,Test,2252
6.542212260828055e-10,3.3597333431243896,SGD,Train,2252
414048.4715927952,3.3597333431243896,SGD,Test,2252
1.382982648104505e-20,8.061370849609375,Analytic,Train,2252
414048.7308319808,8.061370849609375,Analytic,Test,2252
1.173558570015616e-09,3.5168306827545166,SGD,Train,2502
396375.09650770854,3.5168306827545166,SGD,Test,2502
1.2273188535698287e-20,11.440388679504395,Analytic,Train,2502
396375.11250098865,11.440388679504395,Analytic,Test,2502
3.324110820569873e+23,1.2410826683044434,SGD,Train,2502
3.0589481581184606e+23,1.2410826683044434,SGD,Test,2502
1.2273188535698287e-20,11.415003776550293,Analytic,Train,2502
396375.11250098865,11.415003776550293,Analytic,Test,2502
2.354939842226119e+22,1.6973435878753662,SGD,Train,2502
1.183437126834275e+22,1.6973435878753662,SGD,Test,2502
1.2273188535698287e-20,11.509364366531372,Analytic,Train,2502
396375.11250098865,11.509364366531372,Analytic,Test,2502
6.447636568629612e+22,1.2918801307678223,SGD,Train,2502
3.6249784922505075e+22,1.2918801307678223,SGD,Test,2502
1.2273188535698287e-20,11.408198595046997,Analytic,Train,2502
396375.11250098865,11.408198595046997,Analytic,Test,2502
1.5248998828595082e+24,0.9586987495422363,SGD,Train,2502
1.4719431002796263e+24,0.9586987495422363,SGD,Test,2502
1.2273188535698287e-20,11.501262187957764,Analytic,Train,2502
396375.11250098865,11.501262187957764,Analytic,Test,2502
1.1385923157127215e+24,1.193593978881836,SGD,Train,2502
1.1073781053815435e+24,1.193593978881836,SGD,Test,2502
1.2273188535698287e-20,11.536787271499634,Analytic,Train,2502
396375.11250098865,11.536787271499634,Analytic,Test,2502
5.987095920037908e-10,3.5561821460723877,SGD,Train,2502
396375.2664253247,3.5561821460723877,SGD,Test,2502
1.2273188535698287e-20,11.348162174224854,Analytic,Train,2502
396375.11250098865,11.348162174224854,Analytic,Test,2502
1.6662449277452658e-10,3.554298162460327,SGD,Train,2502
396375.0830760355,3.554298162460327,SGD,Test,2502
1.2273188535698287e-20,11.575352668762207,Analytic,Train,2502
396375.11250098865,11.575352668762207,Analytic,Test,2502
1.2867263209983267e+24,0.7241108417510986,SGD,Train,2502
1.254266480659937e+24,0.7241108417510986,SGD,Test,2502
1.2273188535698287e-20,11.487680673599243,Analytic,Train,2502
396375.11250098865,11.487680673599243,Analytic,Test,2502
3.1448149283914727e-10,3.5940606594085693,SGD,Train,2502
396375.26974101644,3.5940606594085693,SGD,Test,2502
1.2273188535698287e-20,11.537214279174805,Analytic,Train,2502
396375.11250098865,11.537214279174805,Analytic,Test,2502
2.363023516563187e+24,1.055612564086914,SGD,Train,2502
2.3321274381248716e+24,1.055612564086914,SGD,Test,2502
1.2273188535698287e-20,11.505753993988037,Analytic,Train,2502
396375.11250098865,11.505753993988037,Analytic,Test,2502
7.167532654536192e+23,1.0772755146026611,SGD,Train,2502
7.063712189428486e+23,1.0772755146026611,SGD,Test,2502
1.2273188535698287e-20,11.51288366317749,Analytic,Train,2502
396375.11250098865,11.51288366317749,Analytic,Test,2502
9.619318939423133e+23,0.9802906513214111,SGD,Train,2502
8.685743877096492e+23,0.9802906513214111,SGD,Test,2502
1.2273188535698287e-20,11.522960186004639,Analytic,Train,2502
396375.11250098865,11.522960186004639,Analytic,Test,2502
2.1855432569259707e+24,0.6380560398101807,SGD,Train,2502
2.0510259789635952e+24,0.6380560398101807,SGD,Test,2502
1.2273188535698287e-20,11.552993774414062,Analytic,Train,2502
396375.11250098865,11.552993774414062,Analytic,Test,2502
3.81006480760292e+23,1.0872914791107178,SGD,Train,2502
3.180834108621708e+23,1.0872914791107178,SGD,Test,2502
1.2273188535698287e-20,11.668270349502563,Analytic,Train,2502
396375.11250098865,11.668270349502563,Analytic,Test,2502
6.450576503432168e-10,3.589919328689575,SGD,Train,2502
396375.58195942815,3.589919328689575,SGD,Test,2502
1.2273188535698287e-20,11.520786046981812,Analytic,Train,2502
396375.11250098865,11.520786046981812,Analytic,Test,2502
2.347862382510324e-10,3.6108906269073486,SGD,Train,2502
396374.6813200483,3.6108906269073486,SGD,Test,2502
1.2273188535698287e-20,11.624139785766602,Analytic,Train,2502
396375.11250098865,11.624139785766602,Analytic,Test,2502
1.567300557515594e+23,1.169825553894043,SGD,Train,2502
1.2474798111709133e+23,1.169825553894043,SGD,Test,2502
1.2273188535698287e-20,11.42406678199768,Analytic,Train,2502
396375.11250098865,11.42406678199768,Analytic,Test,2502
1.2997418977206506e+23,1.2689635753631592,SGD,Train,2502
1.058451225961517e+23,1.2689635753631592,SGD,Test,2502
1.2273188535698287e-20,11.537248134613037,Analytic,Train,2502
396375.11250098865,11.537248134613037,Analytic,Test,2502
2.985169830351669e-10,3.5403785705566406,SGD,Train,2502
396375.3275210552,3.5403785705566406,SGD,Test,2502
1.2273188535698287e-20,11.46064281463623,Analytic,Train,2502
396375.11250098865,11.46064281463623,Analytic,Test,2502
2.9015609626865607e+22,1.613450527191162,SGD,Train,2752
5.619472365415906e+21,1.613450527191162,SGD,Test,2752
1.3712818539553885e-20,16.036919832229614,Analytic,Train,2752
293565.63203520054,16.036919832229614,Analytic,Test,2752
4.298188718136509e-10,4.031490087509155,SGD,Train,2752
293565.8389860379,4.031490087509155,SGD,Test,2752
1.3712818539553885e-20,15.914437770843506,Analytic,Train,2752
293565.63203520054,15.914437770843506,Analytic,Test,2752
1.0686812281766738e+24,1.280646562576294,SGD,Train,2752
1.0531942954305597e+24,1.280646562576294,SGD,Test,2752
1.3712818539553885e-20,15.892103433609009,Analytic,Train,2752
293565.63203520054,15.892103433609009,Analytic,Test,2752
1.8965153742219568e+24,1.3839447498321533,SGD,Train,2752
1.86389422435853e+24,1.3839447498321533,SGD,Test,2752
1.3712818539553885e-20,15.915452003479004,Analytic,Train,2752
293565.63203520054,15.915452003479004,Analytic,Test,2752
1.538423842634594e+24,1.1667728424072266,SGD,Train,2752
1.453500037211942e+24,1.1667728424072266,SGD,Test,2752
1.3712818539553885e-20,15.890407800674438,Analytic,Train,2752
293565.63203520054,15.890407800674438,Analytic,Test,2752
1.226952803806239e+24,0.9604706764221191,SGD,Train,2752
1.1821636693037432e+24,0.9604706764221191,SGD,Test,2752
1.3712818539553885e-20,16.007657527923584,Analytic,Train,2752
293565.63203520054,16.007657527923584,Analytic,Test,2752
2.2546468447023654e+23,1.289196491241455,SGD,Train,2752
1.7028805589766697e+23,1.289196491241455,SGD,Test,2752
1.3712818539553885e-20,15.997216939926147,Analytic,Train,2752
293565.63203520054,15.997216939926147,Analytic,Test,2752
1.3355892954126703e+24,1.351186752319336,SGD,Train,2752
1.304983131326844e+24,1.351186752319336,SGD,Test,2752
1.3712818539553885e-20,16.05663752555847,Analytic,Train,2752
293565.63203520054,16.05663752555847,Analytic,Test,2752
5.4486352012661607e-11,3.8436481952667236,SGD,Train,2752
293565.4647090541,3.8436481952667236,SGD,Test,2752
1.3712818539553885e-20,15.865489721298218,Analytic,Train,2752
293565.63203520054,15.865489721298218,Analytic,Test,2752
2.2323759563729173e-11,3.940779447555542,SGD,Train,2752
293565.3101967584,3.940779447555542,SGD,Test,2752
1.3712818539553885e-20,15.651047468185425,Analytic,Train,2752
293565.63203520054,15.651047468185425,Analytic,Test,2752
1.2645127098812825e-09,3.846100330352783,SGD,Train,2752
293565.2865137526,3.846100330352783,SGD,Test,2752
1.3712818539553885e-20,15.77249813079834,Analytic,Train,2752
293565.63203520054,15.77249813079834,Analytic,Test,2752
4.98787948103829e-10,3.9834439754486084,SGD,Train,2752
293565.61549921735,3.9834439754486084,SGD,Test,2752
1.3712818539553885e-20,15.921900272369385,Analytic,Train,2752
293565.63203520054,15.921900272369385,Analytic,Test,2752
2.0509602840164634e+24,1.1511693000793457,SGD,Train,2752
2.0095892004183046e+24,1.1511693000793457,SGD,Test,2752
1.3712818539553885e-20,15.853636026382446,Analytic,Train,2752
293565.63203520054,15.853636026382446,Analytic,Test,2752
1.6332283726476008e-10,3.8580756187438965,SGD,Train,2752
293565.6787383257,3.8580756187438965,SGD,Test,2752
1.3712818539553885e-20,15.95881175994873,Analytic,Train,2752
293565.63203520054,15.95881175994873,Analytic,Test,2752
1.8852478643301643e+23,1.3720407485961914,SGD,Train,2752
1.4623709860369967e+23,1.3720407485961914,SGD,Test,2752
1.3712818539553885e-20,15.792935609817505,Analytic,Train,2752
293565.63203520054,15.792935609817505,Analytic,Test,2752
5.537199752576264e+23,1.50626540184021,SGD,Train,2752
5.3210434167979586e+23,1.50626540184021,SGD,Test,2752
1.3712818539553885e-20,15.838834762573242,Analytic,Train,2752
293565.63203520054,15.838834762573242,Analytic,Test,2752
1.389969311212635e+24,1.8960323333740234,SGD,Train,2752
1.3825667043436662e+24,1.8960323333740234,SGD,Test,2752
1.3712818539553885e-20,15.670207977294922,Analytic,Train,2752
293565.63203520054,15.670207977294922,Analytic,Test,2752
1.0074220246106598e+24,1.230736494064331,SGD,Train,2752
9.618980942625397e+23,1.230736494064331,SGD,Test,2752
1.3712818539553885e-20,15.70277190208435,Analytic,Train,2752
293565.63203520054,15.70277190208435,Analytic,Test,2752
1.5081322936818986e+24,1.6216239929199219,SGD,Train,2752
1.4934187106848855e+24,1.6216239929199219,SGD,Test,2752
1.3712818539553885e-20,15.705307006835938,Analytic,Train,2752
293565.63203520054,15.705307006835938,Analytic,Test,2752
7.622887526639628e+23,1.4280767440795898,SGD,Train,2752
7.347453734238824e+23,1.4280767440795898,SGD,Test,2752
1.3712818539553885e-20,15.745637655258179,Analytic,Train,2752
293565.63203520054,15.745637655258179,Analytic,Test,2752
3.1799840122689616e+23,2.1726877689361572,SGD,Train,3002
3.0107446961433493e+23,2.1726877689361572,SGD,Test,3002
2.5288777347892608e-20,21.162139892578125,Analytic,Train,3002
363050.1651670699,21.162139892578125,Analytic,Test,3002
7.35304826527368e+22,1.4013357162475586,SGD,Train,3002
2.1182107156208553e+22,1.4013357162475586,SGD,Test,3002
2.5288777347892608e-20,20.96903395652771,Analytic,Train,3002
363050.1651670699,20.96903395652771,Analytic,Test,3002
9.398133466103935e+23,1.291658878326416,SGD,Train,3002
8.701350472913696e+23,1.291658878326416,SGD,Test,3002
2.5288777347892608e-20,20.6584894657135,Analytic,Train,3002
363050.1651670699,20.6584894657135,Analytic,Test,3002
1.467173458030725e+23,1.8844189643859863,SGD,Train,3002
1.1738193127435584e+23,1.8844189643859863,SGD,Test,3002
2.5288777347892608e-20,20.5308198928833,Analytic,Train,3002
363050.1651670699,20.5308198928833,Analytic,Test,3002
2.218753664153607e+23,1.9724953174591064,SGD,Train,3002
1.9276519680903705e+23,1.9724953174591064,SGD,Test,3002
2.5288777347892608e-20,20.505828142166138,Analytic,Train,3002
363050.1651670699,20.505828142166138,Analytic,Test,3002
2.414342453897076e+23,0.9944195747375488,SGD,Train,3002
1.6364625727461247e+23,0.9944195747375488,SGD,Test,3002
2.5288777347892608e-20,20.874682426452637,Analytic,Train,3002
363050.1651670699,20.874682426452637,Analytic,Test,3002
1.2881828446574692e+24,1.2544207572937012,SGD,Train,3002
1.2108164067466808e+24,1.2544207572937012,SGD,Test,3002
2.5288777347892608e-20,20.631319284439087,Analytic,Train,3002
363050.1651670699,20.631319284439087,Analytic,Test,3002
2.665473067539398e-10,4.134178638458252,SGD,Train,3002
363050.11886230414,4.134178638458252,SGD,Test,3002
2.5288777347892608e-20,20.65186858177185,Analytic,Train,3002
363050.1651670699,20.65186858177185,Analytic,Test,3002
5.733353626751363e-11,4.068318128585815,SGD,Train,3002
363050.7302332679,4.068318128585815,SGD,Test,3002
2.5288777347892608e-20,20.628448724746704,Analytic,Train,3002
363050.1651670699,20.628448724746704,Analytic,Test,3002
8.215617511889424e+22,2.135481834411621,SGD,Train,3002
7.138469939101011e+22,2.135481834411621,SGD,Test,3002
2.5288777347892608e-20,20.758365869522095,Analytic,Train,3002
363050.1651670699,20.758365869522095,Analytic,Test,3002
2.9043456065282577e+24,0.9897305965423584,SGD,Train,3002
2.7800537709465095e+24,0.9897305965423584,SGD,Test,3002
2.5288777347892608e-20,20.79886221885681,Analytic,Train,3002
363050.1651670699,20.79886221885681,Analytic,Test,3002
1.3887834487136377e+23,2.2576515674591064,SGD,Train,3002
1.3265944373362688e+23,2.2576515674591064,SGD,Test,3002
2.5288777347892608e-20,20.638333320617676,Analytic,Train,3002
363050.1651670699,20.638333320617676,Analytic,Test,3002
5.169120377851911e+23,0.9806950092315674,SGD,Train,3002
4.179191214984711e+23,0.9806950092315674,SGD,Test,3002
2.5288777347892608e-20,20.355690479278564,Analytic,Train,3002
363050.1651670699,20.355690479278564,Analytic,Test,3002
6.245291522730302e+23,1.2206320762634277,SGD,Train,3002
5.5192010708125285e+23,1.2206320762634277,SGD,Test,3002
2.5288777347892608e-20,20.365335702896118,Analytic,Train,3002
363050.1651670699,20.365335702896118,Analytic,Test,3002
2.069292294446748e+23,2.3160245418548584,SGD,Train,3002
1.9594560221024988e+23,2.3160245418548584,SGD,Test,3002
2.5288777347892608e-20,20.404531002044678,Analytic,Train,3002
363050.1651670699,20.404531002044678,Analytic,Test,3002
1.1170727620155067e+24,0.9397804737091064,SGD,Train,3002
9.942629906037106e+23,0.9397804737091064,SGD,Test,3002
2.5288777347892608e-20,20.689366579055786,Analytic,Train,3002
363050.1651670699,20.689366579055786,Analytic,Test,3002
2.14749408585646e+24,1.1897413730621338,SGD,Train,3002
2.1035560309861932e+24,1.1897413730621338,SGD,Test,3002
2.5288777347892608e-20,20.463359832763672,Analytic,Train,3002
363050.1651670699,20.463359832763672,Analytic,Test,3002
6.1052717909407e+23,1.5240345001220703,SGD,Train,3002
5.791316365391941e+23,1.5240345001220703,SGD,Test,3002
2.5288777347892608e-20,20.544004440307617,Analytic,Train,3002
363050.1651670699,20.544004440307617,Analytic,Test,3002
5.409261814878901e+23,1.3041038513183594,SGD,Train,3002
4.694324062771379e+23,1.3041038513183594,SGD,Test,3002
2.5288777347892608e-20,20.430620908737183,Analytic,Train,3002
363050.1651670699,20.430620908737183,Analytic,Test,3002
1.6617569475433572e+23,1.613384485244751,SGD,Train,3002
1.2801158983432684e+23,1.613384485244751,SGD,Test,3002
2.5288777347892608e-20,20.357091188430786,Analytic,Train,3002
363050.1651670699,20.357091188430786,Analytic,Test,3002
